CNC.Controls.Avalonia.g.en-US.resources:about.baml,btn_ok:System.Windows.Controls.ContentControl.Content,Button,True,True,,Ok
CNC.Controls.Avalonia.g.en-US.resources:about.baml,btn_toClipboard:System.Windows.Controls.ContentControl.Content,Button,True,True,,To Clipboard
CNC.Controls.Avalonia.g.en-US.resources:about.baml,btn_toClipboard:System.Windows.FrameworkElement.ToolTip,ToolTip,True,True,,Copy grbl version information and settings to clipboard
CNC.Controls.Avalonia.g.en-US.resources:about.baml,dlg_about:System.Windows.Window.Title,Title,True,True,,About
CNC.Controls.Avalonia.g.en-US.resources:consolecontrol.baml,btn_clear:System.Windows.Controls.ContentControl.Content,Button,True,True,,Clear
CNC.Controls.Avalonia.g.en-US.resources:consolecontrol.baml,label_filterRT:System.Windows.Controls.ContentControl.Content,CheckBox,True,True,,Filter out realtime responses
CNC.Controls.Avalonia.g.en-US.resources:consolecontrol.baml,label_showAll:System.Windows.Controls.ContentControl.Content,CheckBox,True,True,,Show all realtime responses
CNC.Controls.Avalonia.g.en-US.resources:consolecontrol.baml,lbl_filterRT:System.Windows.Controls.ContentControl.Content,CheckBox,True,True,,Filter out realtime responses
CNC.Controls.Avalonia.g.en-US.resources:consolecontrol.baml,lbl_showAll:System.Windows.Controls.ContentControl.Content,CheckBox,True,True,,Show all realtime responses
CNC.Controls.Avalonia.g.en-US.resources:consolecontrol.baml,lbl_verbose:System.Windows.Controls.ContentControl.Content,CheckBox,True,True,,Verbose
CNC.Controls.Avalonia.g.en-US.resources:consolewindow.baml,dlg_senderConsole:System.Windows.Window.Title,Title,True,True,,Sender Console
CNC.Controls.Avalonia.g.en-US.resources:coolantcontrol.baml,grp_coolant:System.Windows.Controls.HeaderedContentControl.Header,Label,True,True,,Coolant
CNC.Controls.Avalonia.g.en-US.resources:coolantcontrol.baml,lbl_fan:CNC.Controls.ToggleControl.Label,None,False,True,,Fan
CNC.Controls.Avalonia.g.en-US.resources:coolantcontrol.baml,lbl_flood:CNC.Controls.ToggleControl.Label,None,False,True,,Flood
CNC.Controls.Avalonia.g.en-US.resources:coolantcontrol.baml,lbl_mist:CNC.Controls.ToggleControl.Label,None,False,True,,Mist
CNC.Controls.Avalonia.g.en-US.resources:coordvaluesetcontrol.baml,btn_set:System.Windows.Controls.ContentControl.Content,Button,True,True,,Set
CNC.Controls.Avalonia.g.en-US.resources:drocontrol.baml,btn_homeAll:System.Windows.Controls.ContentControl.Content,Button,True,True,,Home All
CNC.Controls.Avalonia.g.en-US.resources:drocontrol.baml,btn_zeroAll:System.Windows.Controls.ContentControl.Content,Button,True,True,,Zero all
CNC.Controls.Avalonia.g.en-US.resources:drocontrol.baml,grp_dro:System.Windows.Controls.HeaderedContentControl.Header,Label,True,True,,DRO
CNC.Controls.Avalonia.g.en-US.resources:errorsandalarms.baml,tab_alarms:System.Windows.Controls.HeaderedContentControl.Header,Label,True,True,,Alarm codes
CNC.Controls.Avalonia.g.en-US.resources:errorsandalarms.baml,tab_errors:System.Windows.Controls.HeaderedContentControl.Header,Label,True,True,,Error codes
CNC.Controls.Avalonia.g.en-US.resources:errorsandalarms.baml,wnd_errorsAndAlarms:System.Windows.Window.Title,Title,True,True,,Controller error and alarm codes
CNC.Controls.Avalonia.g.en-US.resources:feedcontrol.baml,grp_feedrate:System.Windows.Controls.HeaderedContentControl.Header,Label,True,True,,Feed rate
CNC.Controls.Avalonia.g.en-US.resources:feedcontrol.baml,lbl_feedrate:System.Windows.Controls.ContentControl.Content,Label,True,True,,Feed Rate:
CNC.Controls.Avalonia.g.en-US.resources:feedcontrol.baml,lbl_rapids:System.Windows.Controls.ContentControl.Content,Label,True,True,,Rapids:
CNC.Controls.Avalonia.g.en-US.resources:feedcontrol.baml,lbl_rapids_fmt:System.Windows.Controls.ContentControl.Content,TextBlock,True,True,,Rapids: % {0}
CNC.Controls.Avalonia.g.en-US.resources:gcodelistcontrol.baml,hdr_block:System.Windows.Controls.DataGridColumn.Header,None,True,True,,Block
CNC.Controls.Avalonia.g.en-US.resources:gcodelistcontrol.baml,hdr_data:System.Windows.Controls.DataGridColumn.Header,None,True,True,,Data
CNC.Controls.Avalonia.g.en-US.resources:gcodelistcontrol.baml,mnu_copyToMDI:System.Windows.Controls.HeaderedItemsControl.Header,Menu,True,True,,Copy to MDI
CNC.Controls.Avalonia.g.en-US.resources:gcodelistcontrol.baml,mnu_sendToController:System.Windows.Controls.HeaderedItemsControl.Header,Menu,True,True,,Send to controller
CNC.Controls.Avalonia.g.en-US.resources:gcodelistcontrol.baml,mnu_startFromHere:System.Windows.Controls.HeaderedItemsControl.Header,Menu,True,True,,Start from here
CNC.Controls.Avalonia.g.en-US.resources:gcodelistcontrol.baml,mnu_ToggleBreak:System.Windows.Controls.HeaderedItemsControl.Header,Menu,True,True,,Toggle Break
CNC.Controls.Avalonia.g.en-US.resources:gcoderotatedialog.baml,btn_cancel:System.Windows.Controls.ContentControl.Content,Button,True,True,,Cancel
CNC.Controls.Avalonia.g.en-US.resources:gcoderotatedialog.baml,btn_ok:System.Windows.Controls.ContentControl.Content,Button,True,True,,Ok
CNC.Controls.Avalonia.g.en-US.resources:gcoderotatedialog.baml,fld_angle:CNC.Controls.NumericField.Label,None,True,True,,Angle:
CNC.Controls.Avalonia.g.en-US.resources:gcoderotatedialog.baml,fld_angle:CNC.Controls.NumericField.Unit,None,True,True,,degrees
CNC.Controls.Avalonia.g.en-US.resources:gcoderotatedialog.baml,grp_rotationCenter:System.Windows.Controls.HeaderedContentControl.Header,Label,True,True,,Rotation center
CNC.Controls.Avalonia.g.en-US.resources:gcoderotatedialog.baml,grp_rotationCenter:System.Windows.FrameworkElement.ToolTip,ToolTip,True,True,,"Click to select rotation center relative to job, if not selected X0,Y0 is used."
CNC.Controls.Avalonia.g.en-US.resources:gcodewrapdialog.baml,btn_cancel:System.Windows.Controls.ContentControl.Content,Button,True,True,,Cancel
CNC.Controls.Avalonia.g.en-US.resources:gcodewrapdialog.baml,btn_ok:System.Windows.Controls.ContentControl.Content,Button,True,True,,Ok
CNC.Controls.Avalonia.g.en-US.resources:gcodewrapdialog.baml,fld_diameter:CNC.Controls.NumericField.Label,None,True,True,,Diameter:
CNC.Controls.Avalonia.g.en-US.resources:gcodewrapdialog.baml,lbl_wrapSource:System.Windows.Controls.ContentControl.Content,Label,True,True,,Wrap:
CNC.Controls.Avalonia.g.en-US.resources:gcodewrapdialog.baml,lbl_wrapTarget:System.Windows.Controls.ContentControl.Content,Label,True,True,,to:
CNC.Controls.Avalonia.g.en-US.resources:gotobasecontrol.baml,btn_goto:System.Windows.Controls.ContentControl.Content,Button,True,True,,Go
CNC.Controls.Avalonia.g.en-US.resources:gotobasecontrol.baml,btn_gotoG28:System.Windows.Controls.ContentControl.Content,Button,True,True,,Goto position 1 (G28)
CNC.Controls.Avalonia.g.en-US.resources:gotobasecontrol.baml,btn_gotoG30:System.Windows.Controls.ContentControl.Content,Button,True,True,,Goto position 2 (G30)
CNC.Controls.Avalonia.g.en-US.resources:gotocontrol.baml,grp_goto:System.Windows.Controls.HeaderedContentControl.Header,Label,True,True,,Goto
CNC.Controls.Avalonia.g.en-US.resources:gotoflyoutcontrol.baml,str_gotoFlyout:System.String.$Content,None,True,True,,_Goto
CNC.Controls.Avalonia.g.en-US.resources:grblalarmlist.baml,hdr_alarmCode:System.Windows.Controls.DataGridColumn.Header,None,True,True,,Code
CNC.Controls.Avalonia.g.en-US.resources:grblalarmlist.baml,hdr_alarmMessage:System.Windows.Controls.DataGridColumn.Header,None,True,True,,Message
CNC.Controls.Avalonia.g.en-US.resources:grblerrorlist.baml,hdr_errorCode:System.Windows.Controls.DataGridColumn.Header,None,True,True,,Code
CNC.Controls.Avalonia.g.en-US.resources:grblerrorlist.baml,hdr_errorMessage:System.Windows.Controls.DataGridColumn.Header,None,True,True,,Message
CNC.Controls.Avalonia.g.en-US.resources:jobcontrol.baml,btn_cycleStart:System.Windows.Controls.ContentControl.Content,Button,True,True,,Cycle Start
CNC.Controls.Avalonia.g.en-US.resources:jobcontrol.baml,btn_cycleStart:System.Windows.FrameworkElement.ToolTip,ToolTip,True,True,,Alt+R
CNC.Controls.Avalonia.g.en-US.resources:jobcontrol.baml,btn_feedHold:System.Windows.Controls.ContentControl.Content,Button,True,True,,Feed Hold
CNC.Controls.Avalonia.g.en-US.resources:jobcontrol.baml,btn_feedHold:System.Windows.FrameworkElement.ToolTip,ToolTip,True,True,,Space
CNC.Controls.Avalonia.g.en-US.resources:jobcontrol.baml,btn_rewind:System.Windows.Controls.ContentControl.Content,Button,True,True,,Rewind
CNC.Controls.Avalonia.g.en-US.resources:jobcontrol.baml,btn_stop:System.Windows.Controls.ContentControl.Content,Button,True,True,,Stop
CNC.Controls.Avalonia.g.en-US.resources:jobcontrol.baml,btn_stop:System.Windows.FrameworkElement.ToolTip,ToolTip,True,True,,Alt+S
CNC.Controls.Avalonia.g.en-US.resources:jobcontrol.baml,str_checking:System.String.$Content,None,True,True,,Checking...
CNC.Controls.Avalonia.g.en-US.resources:jobcontrol.baml,str_g28g30:System.String.$Content,None,True,True,,Job has G28/G30 moves and machine is not homed.
CNC.Controls.Avalonia.g.en-US.resources:jobcontrol.baml,str_pause:System.String.$Content,None,True,True,,Pause
CNC.Controls.Avalonia.g.en-US.resources:jobcontrol.baml,str_stop:System.String.$Content,None,True,True,,Stop
CNC.Controls.Avalonia.g.en-US.resources:jobcontrol.baml,str_toolchanges:System.String.$Content,None,True,True,,"Job has {0} tool change(s) using M6, only a few Grbl ports supports that."
CNC.Controls.Avalonia.g.en-US.resources:jobcontrol.baml,str_toolchangeTLO:System.String.$Content,None,True,True,,"Job has {0} tool change(s), tool length reference should be established before start."
CNC.Controls.Avalonia.g.en-US.resources:jobcontrol.baml,str_transferComplete:System.String.$Content,None,True,True,,Transfer complete
CNC.Controls.Avalonia.g.en-US.resources:jogbasecontrol.baml,grp_jogDistance:System.Windows.Controls.HeaderedContentControl.Header,Label,True,True,,Distance
CNC.Controls.Avalonia.g.en-US.resources:jogbasecontrol.baml,grp_jogFeedrate:System.Windows.Controls.HeaderedContentControl.Header,Label,True,True,,Feed rate
CNC.Controls.Avalonia.g.en-US.resources:jogbasecontrol.baml,lbl_jogContinuous:System.Windows.Controls.ContentControl.Content,RadioButton,True,True,,Continuous
CNC.Controls.Avalonia.g.en-US.resources:jogcontrol.baml,grp_uijog:System.Windows.Controls.HeaderedContentControl.Header,Label,True,True,,Jogging
CNC.Controls.Avalonia.g.en-US.resources:jogflyoutcontrol.baml,str_jogFlyout:System.String.$Content,None,True,True,,_Jog
CNC.Controls.Avalonia.g.en-US.resources:libstrings.baml,str_appconfCreate:System.String.$Content,None,True,True,,"Config file not found or invalid, create new?"
CNC.Controls.Avalonia.g.en-US.resources:libstrings.baml,str_appconfCreateFail:System.String.$Content,None,True,True,,Could not save config file.
CNC.Controls.Avalonia.g.en-US.resources:libstrings.baml,str_appconfNoConnect:System.String.$Content,None,True,True,,Unable to open connection ({0})
CNC.Controls.Avalonia.g.en-US.resources:libstrings.baml,str_convBlockOfBlocks:System.String.$Content,None,True,True,,Block: {0}/{1}
CNC.Controls.Avalonia.g.en-US.resources:libstrings.baml,str_convNumBlocks:System.String.$Content,None,True,True,,Blocks: {1}
CNC.Controls.Avalonia.g.en-US.resources:libstrings.baml,str_grblStateAlarm:System.String.$Content,None,True,True,,ALARM
CNC.Controls.Avalonia.g.en-US.resources:libstrings.baml,str_grblStateCheck:System.String.$Content,None,True,True,,CHECK
CNC.Controls.Avalonia.g.en-US.resources:libstrings.baml,str_grblStateDoor:System.String.$Content,None,True,True,,DOOR
CNC.Controls.Avalonia.g.en-US.resources:libstrings.baml,str_grblStateHold:System.String.$Content,None,True,True,,HOLD
CNC.Controls.Avalonia.g.en-US.resources:libstrings.baml,str_grblStateHome:System.String.$Content,None,True,True,,HOME
CNC.Controls.Avalonia.g.en-US.resources:libstrings.baml,str_grblStateIdle:System.String.$Content,None,True,True,,IDLE
CNC.Controls.Avalonia.g.en-US.resources:libstrings.baml,str_grblStateJog:System.String.$Content,None,True,True,,JOG
CNC.Controls.Avalonia.g.en-US.resources:libstrings.baml,str_grblStateRun:System.String.$Content,None,True,True,,RUN
CNC.Controls.Avalonia.g.en-US.resources:libstrings.baml,str_grblStateSleep:System.String.$Content,None,True,True,,SLEEP
CNC.Controls.Avalonia.g.en-US.resources:libstrings.baml,str_grblStateTool:System.String.$Content,None,True,True,,TOOL
CNC.Controls.Avalonia.g.en-US.resources:libstrings.baml,str_grblStateUnknown:System.String.$Content,None,True,True,,UNKNOWN
CNC.Controls.Avalonia.g.en-US.resources:libstrings.baml,str_keymappingsSaved:System.String.$Content,None,True,True,,Keymappings saved to {0}
CNC.Controls.Avalonia.g.en-US.resources:libstrings.baml,str_msgBadResponseExit:System.String.$Content,None,True,True,,"Unexpected response received from controller: {0}, exiting."
CNC.Controls.Avalonia.g.en-US.resources:libstrings.baml,str_msgDoorExit:System.String.$Content,None,True,True,,"Door is still open, exit?"
CNC.Controls.Avalonia.g.en-US.resources:libstrings.baml,str_msgDoorOpen:System.String.$Content,None,True,True,,"Door is open, close door and continue?"
CNC.Controls.Avalonia.g.en-US.resources:libstrings.baml,str_msgDoorPersist:System.String.$Content,None,True,True,,Door state cannot be cleared with &lt;Reset&gt;
CNC.Controls.Avalonia.g.en-US.resources:libstrings.baml,str_msgEStop:System.String.$Content,None,True,True,,E-Stop active! - clear before continuing...
CNC.Controls.Avalonia.g.en-US.resources:libstrings.baml,str_msgEStopExit:System.String.$Content,None,True,True,,"E-Stop still active, exit?"
CNC.Controls.Avalonia.g.en-US.resources:libstrings.baml,str_msgHome:System.String.$Content,None,True,True,,"Homing cycle required, &lt;Home&gt; to continue"
CNC.Controls.Avalonia.g.en-US.resources:libstrings.baml,str_msgNoComm:System.String.$Content,None,True,True,,"Controller is in {0} state and cannot respond, try a soft reset?"
CNC.Controls.Avalonia.g.en-US.resources:libstrings.baml,str_msgNoCommAlarm:System.String.$Content,None,True,True,,"Controller is not able to communicate due to alarm {0}, attempting a soft reset."
CNC.Controls.Avalonia.g.en-US.resources:libstrings.baml,str_msgNoResponse:System.String.$Content,None,True,True,,Controller is not responding!
CNC.Controls.Avalonia.g.en-US.resources:libstrings.baml,str_msgNoResponseExit:System.String.$Content,None,True,True,,"No response received from controller, exiting."
CNC.Controls.Avalonia.g.en-US.resources:libstrings.baml,str_msgResetExit:System.String.$Content,None,True,True,,"Controller soft reset failed, exiting."
CNC.Controls.Avalonia.g.en-US.resources:libstrings.baml,str_msgResetFailed:System.String.$Content,None,True,True,,"Controller soft reset failed, exiting."
CNC.Controls.Avalonia.g.en-US.resources:libstrings.baml,str_msgWait:System.String.$Content,None,True,True,,Waiting for controller ({0})...
CNC.Controls.Avalonia.g.en-US.resources:libstrings.baml,str_rotateG17G18Arcs:System.String.$Content,None,True,True,,"GCode contains arcs in XZ or YZ plane (G18/19), can&apos;t apply transform. Use &apos;Arcs to Lines&apos; if you really need this."
CNC.Controls.Avalonia.g.en-US.resources:libstrings.baml,str_rotateRadiusArcs:System.String.$Content,None,True,True,,"GCode contains radius mode arcs, can&apos;t apply transform. Use &apos;Arcs to Lines&apos; if you really need this."
CNC.Controls.Avalonia.g.en-US.resources:libstrings.baml,str_settingsReloadMismatch:System.String.$Content,None,True,True,,"Some settings were ignored, not supported by the controller."
CNC.Controls.Avalonia.g.en-US.resources:libstrings.baml,str_settingsSaved:System.String.$Content,None,True,True,,Settings saved.
CNC.Controls.Avalonia.g.en-US.resources:libstrings.baml,str_themeBlack:System.String.$Content,None,True,True,,Black
CNC.Controls.Avalonia.g.en-US.resources:libstrings.baml,str_themeDark:System.String.$Content,None,True,True,,Dark
CNC.Controls.Avalonia.g.en-US.resources:libstrings.baml,str_themeDefault:System.String.$Content,None,True,True,,Default
CNC.Controls.Avalonia.g.en-US.resources:libstrings.baml,str_themeLight:System.String.$Content,None,True,True,,Light
CNC.Controls.Avalonia.g.en-US.resources:libstrings.baml,str_themeWhite:System.String.$Content,None,True,True,,White
CNC.Controls.Avalonia.g.en-US.resources:libstrings.baml,str_validateMax:System.String.$Content,None,True,True,,Invalid input: maximum allowed value is {0}.
CNC.Controls.Avalonia.g.en-US.resources:libstrings.baml,str_validateMin:System.String.$Content,None,True,True,,Invalid input: minimum allowed value is {0}.
CNC.Controls.Avalonia.g.en-US.resources:libstrings.baml,str_validateNotIP4:System.String.$Content,None,True,True,,Invalid input: not an IP4 address..
CNC.Controls.Avalonia.g.en-US.resources:libstrings.baml,str_validateRange:System.String.$Content,None,True,True,,Invalid input: allowed range is {0} - {1}.
CNC.Controls.Avalonia.g.en-US.resources:libstrings.baml,str_verifySendController:System.String.$Content,None,True,True,,Are you sure you want to send the selected blocks to the controller?
CNC.Controls.Avalonia.g.en-US.resources:libstrings.baml,str_verifyStartFrom:System.String.$Content,None,True,True,,Are you sure the controller is in the correct state to start from block {0}?
CNC.Controls.Avalonia.g.en-US.resources:limitscontrol.baml,grp_programLimits:System.Windows.Controls.HeaderedContentControl.Header,Label,True,True,,Program limits
CNC.Controls.Avalonia.g.en-US.resources:machinepositionflyout.baml,lbl_machinePosition:System.Windows.Controls.TextBlock.Text,Text,True,True,,Machine Position
CNC.Controls.Avalonia.g.en-US.resources:machinepositionflyout.baml,str_mposFlyout:System.String.$Content,None,True,True,,M_Pos
CNC.Controls.Avalonia.g.en-US.resources:macroeditor.baml,btn_add:System.Windows.Controls.ContentControl.Content,Button,True,True,,Add
CNC.Controls.Avalonia.g.en-US.resources:macroeditor.baml,btn_cancel:System.Windows.Controls.ContentControl.Content,Button,True,True,,Cancel
CNC.Controls.Avalonia.g.en-US.resources:macroeditor.baml,btn_ok:System.Windows.Controls.ContentControl.Content,Button,True,True,,Ok
CNC.Controls.Avalonia.g.en-US.resources:macroeditor.baml,chk_confirm:System.Windows.Controls.ContentControl.Content,CheckBox,True,True,,Confirm before executing
CNC.Controls.Avalonia.g.en-US.resources:macroeditor.baml,dlg_macroEditor:System.Windows.Window.Title,Title,True,True,,Macro Editor
CNC.Controls.Avalonia.g.en-US.resources:macroexecutecontrol.baml,btn_edit:System.Windows.Controls.ContentControl.Content,Button,True,True,,Edit
CNC.Controls.Avalonia.g.en-US.resources:macroexecutecontrol.baml,lbl_noMacrosDefined:System.Windows.Controls.ContentControl.Content,Label,True,True,,"No macros defined, use Edit button to add."
CNC.Controls.Avalonia.g.en-US.resources:macroexecutecontrol.baml,lbl_noMacrosDefined:System.Windows.Controls.TextBlock.Text,Text,True,True,,"No macros defined, use Edit button to add."
CNC.Controls.Avalonia.g.en-US.resources:macroexecutecontrol.baml,str_macrosFlyout:System.String.$Content,None,True,True,,_Macros
CNC.Controls.Avalonia.g.en-US.resources:macroexecutecontrol.baml,str_runMacro:System.String.$Content,None,True,True,,Run {0} macro?
CNC.Controls.Avalonia.g.en-US.resources:macrotoolbarcontrol.baml,str_runMacro:System.String.$Content,None,True,True,,Run {0} macro?
CNC.Controls.Avalonia.g.en-US.resources:mdicontrol.baml,btn_send:System.Windows.Controls.ContentControl.Content,Button,True,True,,Send
CNC.Controls.Avalonia.g.en-US.resources:mdicontrol.baml,grp_mdi:System.Windows.Controls.HeaderedContentControl.Header,Label,True,True,,MDI
CNC.Controls.Avalonia.g.en-US.resources:mpgpending.baml,lbl_mpgModeActive:System.Windows.Controls.ContentControl.Content,Label,True,True,,"MPG mode active, waiting for it to be disabled..."
CNC.Controls.Avalonia.g.en-US.resources:offsetview.baml,btn_clear:System.Windows.Controls.ContentControl.Content,Button,True,True,,Clear all
CNC.Controls.Avalonia.g.en-US.resources:offsetview.baml,btn_currPos:System.Windows.Controls.ContentControl.Content,Button,True,True,,Get current position
CNC.Controls.Avalonia.g.en-US.resources:offsetview.baml,btn_setAll:System.Windows.Controls.ContentControl.Content,Button,True,True,,Set all
CNC.Controls.Avalonia.g.en-US.resources:offsetview.baml,hdr_offset:System.Windows.Controls.DataGridColumn.Header,None,True,True,,Offset
CNC.Controls.Avalonia.g.en-US.resources:offsetview.baml,lbl_axis:System.String.$Content,None,True,True,,{0} axis:
CNC.Controls.Avalonia.g.en-US.resources:offsetview.baml,lbl_offset:System.Windows.Controls.ContentControl.Content,Label,True,True,,Offset:
CNC.Controls.Avalonia.g.en-US.resources:outlinebasecontrol.baml,btn_go:System.Windows.Controls.ContentControl.Content,Button,True,True,,Go
CNC.Controls.Avalonia.g.en-US.resources:outlinebasecontrol.baml,lbl_feedrate:CNC.Controls.NumericField.Label,None,True,True,,Feed rate:
CNC.Controls.Avalonia.g.en-US.resources:outlinebasecontrol.baml,txt_line1:System.Windows.Documents.Run.Text,Text,True,True,,Execute moves to outline X and Y program limits.
CNC.Controls.Avalonia.g.en-US.resources:outlinebasecontrol.baml,txt_line2:System.Windows.Documents.Run.Text,Text,True,True,,Ensure tool tip is clear of any obstructions!
CNC.Controls.Avalonia.g.en-US.resources:outlinecontrol.baml,grp_outline:System.Windows.Controls.HeaderedContentControl.Header,Label,True,True,,Outline
CNC.Controls.Avalonia.g.en-US.resources:outlineflyout.baml,btn_go:System.Windows.Controls.ContentControl.Content,Button,True,True,,Go
CNC.Controls.Avalonia.g.en-US.resources:outlineflyout.baml,lbl_feedrate:CNC.Controls.NumericField.Label,None,True,True,,Feed rate:
CNC.Controls.Avalonia.g.en-US.resources:outlineflyout.baml,str_outlineFlyout:System.String.$Content,None,True,True,,_Outline
CNC.Controls.Avalonia.g.en-US.resources:overridecontrol.baml,lbl_override:System.Windows.Controls.ContentControl.Content,Label,True,True,,Override
CNC.Controls.Avalonia.g.en-US.resources:portdialog.baml,btn_cancel:System.Windows.Controls.ContentControl.Content,Button,True,True,,Cancel
CNC.Controls.Avalonia.g.en-US.resources:portdialog.baml,btn_ok:System.Windows.Controls.ContentControl.Content,Button,True,True,,Ok
CNC.Controls.Avalonia.g.en-US.resources:portdialog.baml,dlg_connection:System.Windows.Window.Title,Title,True,True,,Sender connection
CNC.Controls.Avalonia.g.en-US.resources:portdialog.baml,dlg_title:System.Windows.Window.Title,Title,True,True,,Sender connection
CNC.Controls.Avalonia.g.en-US.resources:portdialog.baml,lbl_ipAddress:System.Windows.Controls.ContentControl.Content,Label,True,True,,IP address:
CNC.Controls.Avalonia.g.en-US.resources:portdialog.baml,lbl_netPort:System.Windows.Controls.ContentControl.Content,Label,True,True,,Port:
CNC.Controls.Avalonia.g.en-US.resources:portdialog.baml,lbl_onConnect:System.Windows.Controls.ContentControl.Content,Label,True,True,,On connect:
CNC.Controls.Avalonia.g.en-US.resources:portdialog.baml,lbl_serialBaud:System.Windows.Controls.ContentControl.Content,Label,True,True,,Baud rate:
CNC.Controls.Avalonia.g.en-US.resources:portdialog.baml,lbl_serialPort:System.Windows.Controls.ContentControl.Content,Label,True,True,,Port:
CNC.Controls.Avalonia.g.en-US.resources:portdialog.baml,lbl_websocket:System.Windows.Controls.ContentControl.Content,CheckBox,True,True,,WebSocket
CNC.Controls.Avalonia.g.en-US.resources:portdialog.baml,tab_network:System.Windows.Controls.HeaderedContentControl.Header,Label,True,True,,Network
CNC.Controls.Avalonia.g.en-US.resources:portdialog.baml,tab_serial:System.Windows.Controls.HeaderedContentControl.Header,Label,True,True,,Serial
CNC.Controls.Avalonia.g.en-US.resources:sdcardview.baml,btn_upload:System.Windows.Controls.ContentControl.Content,Button,True,True,,Upload
CNC.Controls.Avalonia.g.en-US.resources:sdcardview.baml,chk_viewAll:System.Windows.Controls.ContentControl.Content,CheckBox,True,True,,List CNC files only
CNC.Controls.Avalonia.g.en-US.resources:sdcardview.baml,dgr_sdcard:System.Windows.FrameworkElement.ToolTip,ToolTip,True,True,,"Right click for menu, double click to run file."
CNC.Controls.Avalonia.g.en-US.resources:sdcardview.baml,hdr_name:System.Windows.Controls.DataGridColumn.Header,None,True,True,,Name
CNC.Controls.Avalonia.g.en-US.resources:sdcardview.baml,hdr_size:System.Windows.Controls.DataGridColumn.Header,None,True,True,,Size
CNC.Controls.Avalonia.g.en-US.resources:sdcardview.baml,mnu_delete:System.Windows.Controls.HeaderedItemsControl.Header,Menu,True,True,,Delete
CNC.Controls.Avalonia.g.en-US.resources:sdcardview.baml,mnu_downloadRun:System.Windows.Controls.HeaderedItemsControl.Header,Menu,True,True,,D_ownload and run
CNC.Controls.Avalonia.g.en-US.resources:sdcardview.baml,mnu_enableRewind:System.Windows.Controls.HeaderedItemsControl.Header,Menu,True,True,,Enable rewind
CNC.Controls.Avalonia.g.en-US.resources:sdcardview.baml,mnu_run:System.Windows.Controls.HeaderedItemsControl.Header,Menu,True,True,,Run
CNC.Controls.Avalonia.g.en-US.resources:sdcardview.baml,mnu_viewAll:System.Windows.Controls.HeaderedItemsControl.Header,Menu,True,True,,List CNC files only
CNC.Controls.Avalonia.g.en-US.resources:sdcardview.baml,str_deleteFile:System.String.$Content,None,True,True,,Delete {0}?
CNC.Controls.Avalonia.g.en-US.resources:sdcardview.baml,str_downloadAndRun:System.String.$Content,None,True,True,,Download and run {0}?
CNC.Controls.Avalonia.g.en-US.resources:sdcardview.baml,str_downloading:System.String.$Content,None,True,True,,Downloading {0}...
CNC.Controls.Avalonia.g.en-US.resources:sdcardview.baml,str_illegalName:System.String.$Content,None,True,True,,"File: {0}\\n!,?,~ and SPACE is not supported in filenames, please rename."
CNC.Controls.Avalonia.g.en-US.resources:sdcardview.baml,str_noCard:System.String.$Content,None,True,True,,No card mounted.
CNC.Controls.Avalonia.g.en-US.resources:sdcardview.baml,str_notConnection:System.String.$Content,None,True,True,,No connection.
CNC.Controls.Avalonia.g.en-US.resources:sdcardview.baml,str_runMacro:System.String.$Content,None,True,True,,Run macro {0} with no parameters?
CNC.Controls.Avalonia.g.en-US.resources:sdcardview.baml,str_transferAborted:System.String.$Content,None,True,True,,Transfer aborted.
CNC.Controls.Avalonia.g.en-US.resources:sdcardview.baml,str_transferDone:System.String.$Content,None,True,True,,Transfer done.
CNC.Controls.Avalonia.g.en-US.resources:sdcardview.baml,str_transferring:System.String.$Content,None,True,True,,Transferred {0} of {1} bytes...
CNC.Controls.Avalonia.g.en-US.resources:sdcardview.baml,str_uploading:System.String.$Content,None,True,True,,Uploading...
CNC.Controls.Avalonia.g.en-US.resources:signalscontrol.baml,grp_signals:System.Windows.Controls.HeaderedContentControl.Header,Label,True,True,,Signals
CNC.Controls.Avalonia.g.en-US.resources:signalscontrol.baml,lbl_signalBlockDelete:System.Windows.FrameworkElement.ToolTip,ToolTip,True,True,,Block delete
CNC.Controls.Avalonia.g.en-US.resources:signalscontrol.baml,lbl_signalCycleStart:System.Windows.FrameworkElement.ToolTip,ToolTip,True,True,,Cycle start
CNC.Controls.Avalonia.g.en-US.resources:signalscontrol.baml,lbl_signalEStop:System.Windows.FrameworkElement.ToolTip,ToolTip,True,True,,E-Stop
CNC.Controls.Avalonia.g.en-US.resources:signalscontrol.baml,lbl_signalFeedHold:System.Windows.FrameworkElement.ToolTip,ToolTip,True,True,,Feed hold
CNC.Controls.Avalonia.g.en-US.resources:signalscontrol.baml,lbl_signalMotorFault:System.Windows.FrameworkElement.ToolTip,ToolTip,True,True,,Motor fault
CNC.Controls.Avalonia.g.en-US.resources:signalscontrol.baml,lbl_signalMotorWarning:System.Windows.FrameworkElement.ToolTip,ToolTip,True,True,,Motor warning
CNC.Controls.Avalonia.g.en-US.resources:signalscontrol.baml,lbl_signalOptionalStop:System.Windows.FrameworkElement.ToolTip,ToolTip,True,True,,Optional stop
CNC.Controls.Avalonia.g.en-US.resources:signalscontrol.baml,lbl_signalProbe:System.Windows.FrameworkElement.ToolTip,ToolTip,True,True,,Probe
CNC.Controls.Avalonia.g.en-US.resources:signalscontrol.baml,lbl_signalReset:System.Windows.FrameworkElement.ToolTip,ToolTip,True,True,,Reset
CNC.Controls.Avalonia.g.en-US.resources:signalscontrol.baml,lbl_signalSafetyDoor:System.Windows.FrameworkElement.ToolTip,ToolTip,True,True,,Safety door
CNC.Controls.Avalonia.g.en-US.resources:spindlecontrol.baml,grp_spindle:System.Windows.Controls.HeaderedContentControl.Header,Label,True,True,,Spindle
CNC.Controls.Avalonia.g.en-US.resources:spindlecontrol.baml,lbl_ccw:System.Windows.Controls.ContentControl.Content,RadioButton,True,True,,CCW
CNC.Controls.Avalonia.g.en-US.resources:spindlecontrol.baml,lbl_cw:System.Windows.Controls.ContentControl.Content,RadioButton,True,True,,CW
CNC.Controls.Avalonia.g.en-US.resources:spindlecontrol.baml,lbl_off:System.Windows.Controls.ContentControl.Content,RadioButton,True,True,,Off
CNC.Controls.Avalonia.g.en-US.resources:spindlecontrol.baml,lbl_rpm:System.Windows.Controls.ContentControl.Content,Label,True,True,,RPM
CNC.Controls.Avalonia.g.en-US.resources:spindlecontrol.baml,lbl_set_rpm:System.Windows.Controls.ContentControl.Content,Button,True,True,,Set RPM
CNC.Controls.Avalonia.g.en-US.resources:statuscontrol.baml,btn_home:System.Windows.Controls.ContentControl.Content,Button,True,True,,Home
CNC.Controls.Avalonia.g.en-US.resources:statuscontrol.baml,btn_home:System.Windows.FrameworkElement.ToolTip,ToolTip,True,True,,Ctrl+H
CNC.Controls.Avalonia.g.en-US.resources:statuscontrol.baml,btn_reset:System.Windows.Controls.ContentControl.Content,Button,True,True,,Reset
CNC.Controls.Avalonia.g.en-US.resources:statuscontrol.baml,btn_reset:System.Windows.FrameworkElement.ToolTip,ToolTip,True,True,,Ctrl+Shift+R
CNC.Controls.Avalonia.g.en-US.resources:statuscontrol.baml,btn_unlock:System.Windows.Controls.ContentControl.Content,Button,True,True,,Unlock
CNC.Controls.Avalonia.g.en-US.resources:statuscontrol.baml,btn_unlock:System.Windows.FrameworkElement.ToolTip,ToolTip,True,True,,Ctrl+U
CNC.Controls.Avalonia.g.en-US.resources:statuscontrol.baml,lbl_check:System.Windows.Controls.ContentControl.Content,Label,True,True,,Check
CNC.Controls.Avalonia.g.en-US.resources:statuscontrol.baml,lbl_state:System.Windows.Controls.ContentControl.Content,Label,True,True,,State:
CNC.Controls.Avalonia.g.en-US.resources:statuscontrol.baml,str_clearEStop:System.String.$Content,None,True,True,,Clear E-Stop before &lt;Reset&gt;&gt;
CNC.Controls.Avalonia.g.en-US.resources:thcmonitorcontrol.baml,str_ThcFlyout:System.String.$Content,None,True,True,,_THC monitor
CNC.Controls.Avalonia.g.en-US.resources:toolview.baml,btn_clear:System.Windows.Controls.ContentControl.Content,Button,True,True,,Clear all
CNC.Controls.Avalonia.g.en-US.resources:toolview.baml,btn_currPos:System.Windows.Controls.ContentControl.Content,Button,True,True,,Get current position
CNC.Controls.Avalonia.g.en-US.resources:toolview.baml,btn_setAll:System.Windows.Controls.ContentControl.Content,Button,True,True,,Set all
CNC.Controls.Avalonia.g.en-US.resources:toolview.baml,hdr_tool:System.Windows.Controls.DataGridColumn.Header,None,True,True,,Tool
CNC.Controls.Avalonia.g.en-US.resources:toolview.baml,lbl_tipRadius:CNC.Controls.CoordValueSetControl.Label,None,True,True,,Tip radius:
CNC.Controls.Avalonia.g.en-US.resources:toolview.baml,lbl_tool:System.Windows.Controls.ContentControl.Content,Label,True,True,,Tool:
CNC.Controls.Avalonia.g.en-US.resources:toolview.baml,lbl_xAxis:CNC.Controls.CoordValueSetControl.Label,None,True,True,,X axis:
CNC.Controls.Avalonia.g.en-US.resources:toolview.baml,lbl_yAxis:CNC.Controls.CoordValueSetControl.Label,None,True,True,,Y axis:
CNC.Controls.Avalonia.g.en-US.resources:toolview.baml,lbl_zAxis:CNC.Controls.CoordValueSetControl.Label,None,True,True,,Z axis:
CNC.Controls.Avalonia.g.en-US.resources:workparameterscontrol.baml,grp_workparams:System.Windows.Controls.HeaderedContentControl.Header,Label,True,True,,Work Parameters
CNC.Controls.Avalonia.g.en-US.resources:workparameterscontrol.baml,lbl_offset:System.Windows.Controls.ContentControl.Content,Label,True,True,,Offset:
CNC.Controls.Avalonia.g.en-US.resources:workparameterscontrol.baml,lbl_probe:System.Windows.Controls.ContentControl.Content,Label,True,True,,Probe:
CNC.Controls.Avalonia.g.en-US.resources:workparameterscontrol.baml,lbl_tool:System.Windows.Controls.ContentControl.Content,Label,True,True,,Tool:
